ts	phase	decision	why	evidence	result
2026-09-12T11:54:36Z	frame	scoped #45 as full D-02: analytics query layer + traffic aggregation + event-report resource	issue #45 and #65 overlap on the traffic half and no ticket owns event-report; user chose full scope	https://github.com/falentio/cimi/issues/45	scoped, proceeding
2026-09-12T11:54:36Z	frame	landed on branch feat-reporting-d02 on top of merged feat/reporting (#66)	issue names feat/reporting but #44 already merged it; user chose the existing worktree branch	git merge-base HEAD feat/reporting	branch set
2026-09-12T11:59:10Z	design	arena over 3 architect candidates for the aggregation layer; base = candidate 1 (kernel ReportingQueryPort + packages/db adapter)	cross-judge scored C1 29/C2 26/C3 20; C1 wins filter safety and pagination correctness, the two risk axes	.audit/d02-grounding.md, /tmp/arena-d02-reporting	base chosen
2026-09-12T11:59:10Z	design	verified 4 judge corrections against source: profileFilterKeys lives only in collection-policy; region/city written null by rebuild; traffic vs event use different filter unions; bot_policy_outcome exists on events	did not trust the cross-judge self-report; re-grepped the tree	packages/db/src/duckdb/index.ts:377, packages/contract/src/schema/index.ts:216, event-report/schema.ts:104	verified
2026-09-12T12:00:43Z	harness	captured green baseline before any change: api suite 775 tests/123 files, traffic-report 12 tests	a baseline makes each later unit a red-to-green bracket	apps/api npx vitest run src/resources/traffic-report	green baseline
2026-09-12T12:04:09Z	unit-1	kernel report-filter compiler + profile trait gate landed	injection safety must be a pure DB-free artifact; every port request depends on the plan	packages/kernel/src/reporting/query/compile-filter.ts, compile-filter.test.ts (18 pass)	VERIFIED
2026-09-12T12:06:02Z	unit-2	pure fillBuckets: bucket spine from ResolvedPeriod, zero-fill, per-bucket complete from coverage frontier	contract requires empty buckets zero-filled and complete:false only for the current partial bucket	packages/kernel/src/reporting/query/bucket-fill.ts + 11 tests	VERIFIED
2026-09-12T12:21:02Z	unit-3-4	traffic overview now computes real metrics: distinct sessions/visitors, eligibleSessions, bounce<10s no-engagement, duration denominators, per-bucket trend	issue #45 acceptance requires real metrics and denominators, not the zero-filled D-01 placeholder	apps/api/src/resources/traffic-report/testing/overview-metrics.test.ts (arithmetic hand-verified: 6/6/8/6/5, bounce 1/6, avg 5.8s)	VERIFIED
2026-09-12T12:21:02Z	unit-3-4	verified delegate deviations against source: coverageThrough is InstantMs not string; sessions has no exit_page column; store identity_kind is anonymous/identified not visitor/identified_user	inspect the artifact, not the self-report	packages/kernel/src/reporting/types.ts:132, packages/db/src/duckdb/schema.ts:26,40	verified
2026-09-12T12:32:04Z	unit-5	getTrafficBreakdowns computes real dimension rows at Session grain with count/percentage/denominator, allowlisted sort, value tie-break, offset paging	issue #45 AC requires breakdowns honor dimension+sorter+tie-breaker+zero-based offset and return nextOffset/hasMore/totalCount	apps/api/.../breakdown-metrics.test.ts (hand-verified: /a=4,/b=3, desktop=4,mobile=1, denominator 6)	VERIFIED
2026-09-12T12:32:04Z	unit-5	exit_page and region/city return empty pages because analytics_sessions stores no exit_page and rebuild writes region/city null	spec exposes the dimensions but the projection cannot populate them; empty is honest, faking is not	packages/db/src/duckdb/schema.ts:40 (entry_page only), index.ts:377-378	documented
2026-09-12T12:32:04Z	unit-5	pre-existing api.test.ts teardown error (database connection is not open) is not a regression	checked the file is untouched on this branch	git log -- apps/api/src/testing/api.test.ts decc86e	noted
2026-09-12T12:50:18Z	unit-6-7	event-report resource lands: getEventOverview/getEventTimeseries/listEvents/getEventBreakdowns, routed and reachable	issue #45 requires all four event-report procedures; the resource did not exist before	apps/api/src/resources/event-report/testing/event-report.test.ts (11 tests)	VERIFIED
2026-09-12T12:50:18Z	unit-6-7	getEventBreakdowns field derived from eventKind by server allowlist	SECS.md:80 says event-kind-specific fields are selected by the server; the contract input carries no field	docs/specs/analytics-reporting/event-report/SPECS.md:80	documented
2026-09-12T13:12:46Z	unit-8	profile trait gate wired to the Site effective collection policy via ReportingProfileFilterPort	issue AC: profile filters resolve through profileFilterKeys; before this it was hardcoded []	apps/api/src/resources/collection-policy/reporting-profile-filter.ts + 3 tests	VERIFIED
2026-09-12T13:12:46Z	unit-8	approved trait filter now returns BAD_REQUEST (projection carries no trait dimension) instead of a misleading 503	the store cannot serve traits; a capability gap is a caller error, not a transient outage	packages/kernel/src/reporting/query/types.ts ReportingQueryUnsupportedError	documented, follow-up
2026-09-12T13:12:46Z	unit-8	deleted/redacted profiles are already excluded: the projection nulls identified_user_id and SEvent exposes no profile fields	spec event-report:115 satisfied by construction; proved by a redaction+rebuild test	apps/api/src/resources/event-report/testing/deleted-profile.test.ts	VERIFIED
2026-09-12T13:12:46Z	unit-8	fixed a double-wrap bug: toOrpcReportingError now passes an existing ORPCError through	the router-level mapper re-wrapped 404/422 as 503; caught by existing overview tests going red	apps/api/src/resources/{traffic-report,event-report}/errors.ts	VERIFIED
2026-09-12T13:16:42Z	phase-e	whole repo green: 12 packages, full test exit 0, full typecheck exit 0	Phase A predicate is end-to-end correctness; verify on the real product, not one package	vp run -r test exit=0; vp run -r typecheck exit=0	VERIFIED
2026-09-12T13:16:42Z	phase-e	all six procedures proven at the HTTP surface via the app fixture	the definition of done is caller-facing behavior, not unit coverage	apps/api/src/resources/{traffic-report,event-report}/testing/*.test.ts	VERIFIED
2026-09-12T13:26:32Z	phase-e	cross-model review found 4 HIGH gaps; fixed all: presence scope+samerange bound, presence SQL tests, full-history session span	the review caught spec rules the implementation silently dropped; fix root causes, do not paper over	packages/kernel/src/reporting/query/types.ts, packages/db/src/duckdb/reporting-query.ts	VERIFIED
2026-09-12T13:26:32Z	phase-e	honest Fact-Work: distinct-count operations now declared per procedure instead of 0	review M2: the estimate must track what the SQL actually scans	apps/api/src/resources/{traffic-report,event-report}/service.ts	VERIFIED
2026-09-12T13:26:32Z	phase-e	kept the breakdown denominator=distinct filtered Sessions reading; documented against SPECS.md:58	review M1 flagged it; the sum of a sessions-per-dimension breakdown cannot exceed distinct sessions	packages/kernel/src/reporting/query/traffic-types.ts	documented, kept
2026-09-12T13:29:06Z	phase-e	final whole-repo verify: tests exit 0 (12 packages), typecheck exit 0, 0 errors/warnings/hints	the predicate is end-to-end product correctness across every package	/tmp/d02-test.log, /tmp/d02-tc.log	VERIFIED
2026-09-12T13:32:51Z	pr	deslop + no-comments pass: deleted 9 narrating comments, kept 26 that state a real WHY	comments must explain what code cannot show; kept the borderline renderFilterPlan invariant	comment-sicko review over 29aec93..HEAD	VERIFIED
2026-09-12T13:47:50Z	pr	opened PR #68 ready on main, rebased onto current origin/main	issue #45 is done; opening does not start a babysit	https://github.com/falentio/cimi/pull/68	OPEN
2026-09-13T08:38:39Z	audit-s1	fixed: formatted .audit/d02-design.md and .audit/d02-grounding.md; vp check now exits 0	the required repo check failed on both audit docs; a red required check blocks the branch	.audit/*.md; vp check exit=0	VERIFIED
2026-09-13T08:38:39Z	audit-s2	updated docs/specs/README.md status: traffic aggregation and event-report are served; goal/funnel/cohort-retention/public-dashboard stay contract-only	the paragraph still called event-report contract-only and traffic zero-filled after the branch served both	docs/specs/README.md:70; apps/api/src/index.ts:262-279	VERIFIED
2026-09-13T08:38:39Z	audit-s4	moved toOrpcReportingError into apps/api/src/errors.ts and deleted the two identical reporting errors.ts files	one mapper beats two copies drifting apart; two callers plus two routers migrated in one wave	apps/api/src/errors.ts:9, both resource index.ts re-exports	VERIFIED
2026-09-13T08:38:39Z	audit-f1	fixed: eligibleSessions now counts in-range page_views; bounced_sessions confined to eligible Sessions	audit F1: a Session with its only page_view outside the range was counted eligible; METRICS.md:86-89 requires range+filters before eligibility	packages/db/src/duckdb/reporting-query.ts:528-600, test adds the audit repro	VERIFIED
2026-09-13T08:38:39Z	audit-f2	redacted error message at query output via redactDiagnosticMessage in packages/utils; collection-time sanitize left to event-ingestion (#42)	spec event-report:80 requires collection sanitize AND query-output redaction; the branch owns the output path	packages/utils/src/diagnostic-message, apps/api/.../event-report/service.ts:451	VERIFIED
2026-09-13T08:38:39Z	audit-f6	event ReportValue compatibility now accepts null for eq/neq, mirroring the event contract; traffic still rejects null	audit F6: contract accepts null for nullable Event fields but the compiler returned incompatible-value	packages/kernel/src/reporting/query/compile-filter.ts isCompatibleEventValue	VERIFIED
2026-09-13T08:38:39Z	audit-f6-gap	GET query surface cannot carry a literal null in an array scalar; oRPC bracket-notation decodes strings only	probed 4 encodings; all decoded non-null; a null filter is unreachable over GET today	apps/api probe of values[0]=null	documented, follow-up
2026-09-13T08:38:39Z	audit-f7	added event-report HTTP failure-path tests: NOT_FOUND (unknown+deleting), SERVICE_UNAVAILABLE, QUERY_LIMIT_EXCEEDED (unprojected, retention, open gap)	audit F7: the required end-to-end proof for the report family was absent	apps/api/.../event-report/testing/event-report.test.ts (18 tests)	VERIFIED
2026-09-13T08:38:39Z	audit-s3	deleted profile-filter-service.test.ts (redundant with sociable profile-filter.test.ts) and rewrote budget.test.ts to drive real ports with a spy, not mocked service ports	AGENTS.md:8,19 require sociable tests mocking only repositories	apps/api/.../traffic-report/testing/{profile-filter,budget}.test.ts	VERIFIED
2026-09-13T08:38:39Z	audit-block-f3	SKIPPED: approved profile filters still return BAD_REQUEST; the projection carries no trait dimension	blocked by the collection/identity projection owned by #42/#43, children of #34; the branch's own trail recorded this as follow-up (unit-8)	.audit/d02-reporting.tsv:17; packages/db/src/duckdb/schema.ts	blocked by #34
2026-09-13T08:38:39Z	audit-block-f4	SKIPPED: exit_page/region/city breakdowns stay empty; the projection has no exit_page column and writes region/city null	blocked by the projection owned by the collection tickets under #34; recorded as follow-up (unit-5)	.audit/d02-reporting.tsv:12; packages/db/src/duckdb/index.ts:377-398	blocked by #34
2026-09-13T08:38:39Z	audit-block-f5	SKIPPED: site deletion can still race a report read; no lifecycle lease held across the query	blocked by #52 (B-04 lifecycle cross-resource admission integration), a child of #34; #52 owns the HTTP-boundary lifecycle wiring	github.com/falentio/cimi/issues/52; apps/api/src/resources/traffic-report/index.ts	blocked by #34
2026-09-13T08:38:39Z	audit-verify	whole repo green after the audit fixes: vp check exit 0, vp run -r typecheck exit 0, vp run -r test exit 0 (12 packages)	the branch predicate is end-to-end product correctness across every package	vp check; vp run -r test (db 39, kernel 72, api 804, contract 130, web 32)	VERIFIED
